{
  "IcoMoonType": "selection",
  "icons": [
    {
      "icon": {
        "paths": [
          "M877.714 128v640q0 28.571-19.429 50.857t-49.143 34.571-59.143 18.286-55.143 6-55.143-6-59.143-18.286-49.143-34.571-19.429-50.857 19.429-50.857 49.143-34.571 59.143-18.286 55.143-6q60 0 109.714 22.286v-306.857l-438.857 135.429v405.143q0 28.571-19.429 50.857t-49.143 34.571-59.143 18.286-55.143 6-55.143-6-59.143-18.286-49.143-34.571-19.429-50.857 19.429-50.857 49.143-34.571 59.143-18.286 55.143-6q60 0 109.714 22.286v-552.571q0-17.714 10.857-32.286t28-20.286l475.429-146.286q6.857-2.286 16-2.286 22.857 0 38.857 16t16 38.857z"
        ],
        "width": 877.7108917236328,
        "attrs": [],
        "isMulticolor": false,
        "isMulticolor2": false,
        "tags": [
          "music"
        ],
        "defaultCode": 61441,
        "grid": 14
      },
      "attrs": [],
      "properties": {
        "name": "music",
        "id": 1,
        "order": 12,
        "prevSize": 32
      },
      "setIdx": 0,
      "setId": 3,
      "iconIdx": 1
    },
    {
      "icon": {
        "paths": [
          "M256 256q0-30.286-21.429-51.714t-51.714-21.429-51.714 21.429-21.429 51.714 21.429 51.714 51.714 21.429 51.714-21.429 21.429-51.714zM865.714 585.143q0 30.286-21.143 51.429l-280.571 281.143q-22.286 21.143-52 21.143-30.286 0-51.429-21.143l-408.571-409.143q-21.714-21.143-36.857-57.714t-15.143-66.857v-237.714q0-29.714 21.714-51.429t51.429-21.714h237.714q30.286 0 66.857 15.143t58.286 36.857l408.571 408q21.143 22.286 21.143 52z"
        ],
        "width": 865.7139930725098,
        "attrs": [],
        "isMulticolor": false,
        "isMulticolor2": false,
        "tags": [
          "tag"
        ],
        "defaultCode": 61483,
        "grid": 14
      },
      "attrs": [],
      "properties": {
        "name": "tag",
        "id": 40,
        "order": 11,
        "prevSize": 32
      },
      "setIdx": 0,
      "setId": 3,
      "iconIdx": 40
    },
    {
      "icon": {
        "paths": [
          "M790.857 529.714l-758.857 421.714q-13.143 7.429-22.571 1.714t-9.429-20.571v-841.143q0-14.857 9.429-20.571t22.571 1.714l758.857 421.714q13.143 7.429 13.143 17.714t-13.143 17.714z"
        ],
        "width": 804.0000019073486,
        "attrs": [],
        "isMulticolor": false,
        "isMulticolor2": false,
        "tags": [
          "play"
        ],
        "defaultCode": 61515,
        "grid": 14
      },
      "attrs": [],
      "properties": {
        "name": "play",
        "id": 71,
        "order": 15,
        "prevSize": 32
      },
      "setIdx": 0,
      "setId": 3,
      "iconIdx": 71
    },
    {
      "icon": {
        "paths": [
          "M877.714 109.714v804.571q0 14.857-10.857 25.714t-25.714 10.857h-292.571q-14.857 0-25.714-10.857t-10.857-25.714v-804.571q0-14.857 10.857-25.714t25.714-10.857h292.571q14.857 0 25.714 10.857t10.857 25.714zM365.714 109.714v804.571q0 14.857-10.857 25.714t-25.714 10.857h-292.571q-14.857 0-25.714-10.857t-10.857-25.714v-804.571q0-14.857 10.857-25.714t25.714-10.857h292.571q14.857 0 25.714 10.857t10.857 25.714z"
        ],
        "width": 877.7150535583496,
        "attrs": [],
        "isMulticolor": false,
        "isMulticolor2": false,
        "tags": [
          "pause"
        ],
        "defaultCode": 61516,
        "grid": 14
      },
      "attrs": [],
      "properties": {
        "name": "pause",
        "id": 72,
        "order": 16,
        "prevSize": 32
      },
      "setIdx": 0,
      "setId": 3,
      "iconIdx": 72
    },
    {
      "icon": {
        "paths": [
          "M658.286 146.286h-585.143v709.714l292.571-280.571 50.857 48.571 241.714 232v-709.714zM665.143 73.143q13.143 0 25.143 5.143 18.857 7.429 30 23.429t11.143 35.429v736.571q0 19.429-11.143 35.429t-30 23.429q-10.857 4.571-25.143 4.571-27.429 0-47.429-18.286l-252-242.286-252 242.286q-20.571 18.857-47.429 18.857-13.143 0-25.143-5.143-18.857-7.429-30-23.429t-11.143-35.429v-736.571q0-19.429 11.143-35.429t30-23.429q12-5.143 25.143-5.143h598.857z"
        ],
        "width": 731.428035736084,
        "attrs": [],
        "isMulticolor": false,
        "isMulticolor2": false,
        "tags": [
          "bookmark-o"
        ],
        "defaultCode": 61591,
        "grid": 14
      },
      "attrs": [],
      "properties": {
        "name": "bookmark-o",
        "id": 142,
        "order": 10,
        "prevSize": 32
      },
      "setIdx": 0,
      "setId": 3,
      "iconIdx": 142
    },
    {
      "icon": {
        "paths": [
          "M358.286 310.857q0 7.429-5.714 13.143l-224.571 224.571 224.571 224.571q5.714 5.714 5.714 13.143t-5.714 13.143l-28.571 28.571q-5.714 5.714-13.143 5.714t-13.143-5.714l-266.286-266.286q-5.714-5.714-5.714-13.143t5.714-13.143l266.286-266.286q5.714-5.714 13.143-5.714t13.143 5.714l28.571 28.571q5.714 5.714 5.714 13.143z"
        ],
        "width": 384.00101470947266,
        "attrs": [],
        "isMulticolor": false,
        "isMulticolor2": false,
        "tags": [
          "angle-left"
        ],
        "defaultCode": 61700,
        "grid": 14
      },
      "attrs": [],
      "properties": {
        "name": "angle-left",
        "id": 232,
        "order": 9,
        "prevSize": 32
      },
      "setIdx": 0,
      "setId": 3,
      "iconIdx": 232
    },
    {
      "icon": {
        "paths": [
          "M340 548.571q0 7.429-5.714 13.143l-266.286 266.286q-5.714 5.714-13.143 5.714t-13.143-5.714l-28.571-28.571q-5.714-5.714-5.714-13.143t5.714-13.143l224.571-224.571-224.571-224.571q-5.714-5.714-5.714-13.143t5.714-13.143l28.571-28.571q5.714-5.714 13.143-5.714t13.143 5.714l266.286 266.286q5.714 5.714 5.714 13.143z"
        ],
        "width": 347.4289951324463,
        "attrs": [],
        "isMulticolor": false,
        "isMulticolor2": false,
        "tags": [
          "angle-right"
        ],
        "defaultCode": 61701,
        "grid": 14
      },
      "attrs": [],
      "properties": {
        "name": "angle-right",
        "id": 233,
        "order": 8,
        "prevSize": 32
      },
      "setIdx": 0,
      "setId": 3,
      "iconIdx": 233
    },
    {
      "icon": {
        "paths": [
          "M997.143 169.714q5.714 5.714 5.714 13.143t-5.714 13.143l-80.571 80.571q-16 16-38.857 16h-768q-14.857 0-25.714-10.857t-10.857-25.714v-146.286q0-14.857 10.857-25.714t25.714-10.857h329.143v-36.571q0-14.857 10.857-25.714t25.714-10.857h73.143q14.857 0 25.714 10.857t10.857 25.714v36.571h292.571q22.857 0 38.857 16zM438.857 694.857h146.286v292.571q0 14.857-10.857 25.714t-25.714 10.857h-73.143q-14.857 0-25.714-10.857t-10.857-25.714v-292.571zM914.286 438.857q14.857 0 25.714 10.857t10.857 25.714v146.286q0 14.857-10.857 25.714t-25.714 10.857h-768q-22.857 0-38.857-16l-80.571-80.571q-5.714-5.714-5.714-13.143t5.714-13.143l80.571-80.571q16-16 38.857-16h292.571v-109.714h146.286v109.714h329.143z"
        ],
        "width": 1024.0009841918945,
        "attrs": [],
        "isMulticolor": false,
        "isMulticolor2": false,
        "tags": [
          "map-signs"
        ],
        "defaultCode": 62071,
        "grid": 14
      },
      "attrs": [],
      "properties": {
        "name": "map-signs",
        "id": 576,
        "order": 19,
        "prevSize": 32
      },
      "setIdx": 0,
      "setId": 3,
      "iconIdx": 576
    },
    {
      "icon": {
        "paths": [
          "M292.571 0q7.429 0 12.857 5.429t5.429 12.857v841.143q0 11.429-9.714 16l-274.286 146.286q-4 2.286-8.571 2.286-7.429 0-12.857-5.429t-5.429-12.857v-841.143q0-11.429 9.714-16l274.286-146.286q4-2.286 8.571-2.286zM1005.714 0q7.429 0 12.857 5.429t5.429 12.857v841.143q0 11.429-9.714 16l-274.286 146.286q-4 2.286-8.571 2.286-7.429 0-12.857-5.429t-5.429-12.857v-841.143q0-11.429 9.714-16l274.286-146.286q4-2.286 8.571-2.286zM365.714 0q4.571 0 8 1.714l292.571 146.286q10.286 5.714 10.286 16.571v841.143q0 7.429-5.429 12.857t-12.857 5.429q-4.571 0-8-1.714l-292.571-146.286q-10.286-5.714-10.286-16.571v-841.143q0-7.429 5.429-12.857t12.857-5.429z"
        ],